[
{
    "nameDraw": "Coming soon...",
    "location": "",
    "yearCreate": "",
    "imageUrl": ""
},
{
    "nameDraw": "'Each person a world'",
    "location": "Argentina",
    "yearCreate": "2020",
    "imageUrl": ""
},
{
    "nameDraw": "'You and You'",
    "location": "Argentina",
    "yearCreate": "2020",
    "imageUrl": ""
},
{
    "nameDraw": "'Sppaggettinni'",
    "location": "Colombia",
    "yearCreate": "2019",
    "imageUrl": ""
},
{
    "nameDraw": "'Forgive-Myself :)'",
    "location": "Argentina",
    "yearCreate": "2020",
    "imageUrl": ""
},
{
    "nameDraw": "'Cake?'",
    "location": "Argentina",
    "yearCreate": "2020",
    "imageUrl": ""
},
{
    "nameDraw": "'Mind Factory'",
    "location": "Argentina",
    "yearCreate": "2020",
    "imageUrl": ""
},
{
    "nameDraw": "'ZOoOZ'",
    "location": "Argentina",
    "yearCreate": "2020",
    "imageUrl": ""
},
{
    "nameDraw": "'Button Circus'",
    "location": "Italy",
    "yearCreate": "2022",
    "imageUrl": ""        
},
{
    "nameDraw": "'1, 2, 3'",
    "location": "Italy",
    "yearCreate": "2022",
    "imageUrl": ""
},
{
    "nameDraw": "'Pandemy...'",
    "location": "Colombia",
    "yearCreate": "2019",
    "imageUrl": ""
},
{
    "nameDraw": "'Ocean Eyes'",
    "location": "Argentina",
    "yearCreate": "2020",
    "imageUrl": ""
}
]
