[
{
    "nameDraw": "Coming soon...",
    "location": "",
    "yearCreate": "",
    "imageUrl": "images/rsz_coming.png"
},
{
    "nameDraw": "'Each person a world'",
    "location": "Place: Argentina",
    "yearCreate": "2020",
    "imageUrl": "images/rsz_1cadapersonaesunmundo.png"
},
{
    "nameDraw": "'You and You'",
    "location": "Place: Argentina",
    "yearCreate": "2020",
    "imageUrl": "images/rsz_vos_y_tu.png"
},
{
    "nameDraw": "'Sppaggettinni'",
    "location": "Place: Colombia",
    "yearCreate": "2019",
    "imageUrl": "images/rsz_1fideos.png"
},
{
    "nameDraw": "'Forgive-Myself :)'",
    "location": "Place: Argentina",
    "yearCreate": "2020",
    "imageUrl": "images/rsz_perdon.png"
},
{
    "nameDraw": "'Cake?'",
    "location": "Place: Argentina",
    "yearCreate": "2020",
    "imageUrl": "images/rsz_isla_flotante.png"
},
{
    "nameDraw": "'Mind Factory'",
    "location": "Place: Argentina",
    "yearCreate": "2020",
    "imageUrl": "images/rsz_lleva.png"
},
{
    "nameDraw": "'ZOoOZ'",
    "location": "Place: Argentina",
    "yearCreate": "2020",
    "imageUrl": "images/rsz_safari.png"
},
{
    "nameDraw": "'Button Circus'",
    "location": "Place: Italy",
    "yearCreate": "2022",
    "imageUrl": "images/rsz_circoboton.png"        
},
{
    "nameDraw": "'1, 2, 3'",
    "location": "Place: Italy",
    "yearCreate": "2022",
    "imageUrl": "images/rsz_foca.png"
},
{
    "nameDraw": "'Pandemy...'",
    "location": "Place: Colombia",
    "yearCreate": "2019",
    "imageUrl": "images/rsz_pandemia.png"
},
{
    "nameDraw": "'Ocean Eyes'",
    "location": "Place: Argentina",
    "yearCreate": "2020",
    "imageUrl": "images/rsz_ojos_oceanicos.png"
}
]
